﻿<?xml version="1.0" encoding="utf-8"?>
<deployment>
  <id>1078821a-2e92-4bd9-b639-19a60a68547a</id>
  <author>N/A</author>
  <deployer>Push-Deployer</deployer>
  <authorEmail>N/A</authorEmail>
  <message>Created via a push deployment</message>
  <progress></progress>
  <status>Success</status>
  <statusText></statusText>
  <lastSuccessEndTime>2025-12-08T10:55:48.66974Z</lastSuccessEndTime>
  <receivedTime>2025-12-08T10:51:43.7340562Z</receivedTime>
  <startTime>2025-12-08T10:51:45.1295873Z</startTime>
  <endTime>2025-12-08T10:55:48.66974Z</endTime>
  <complete>True</complete>
  <is_temp>False</is_temp>
  <is_readonly>True</is_readonly>
  <buildSummary />
</deployment>