﻿<?xml version="1.0" encoding="utf-8"?>
<deployment>
  <id>98b90872-a137-427d-85bd-f3d6f58e8c92</id>
  <author>N/A</author>
  <deployer>Push-Deployer</deployer>
  <authorEmail>N/A</authorEmail>
  <message>Created via a push deployment</message>
  <progress></progress>
  <status>Success</status>
  <statusText></statusText>
  <lastSuccessEndTime>2025-12-08T11:50:42.5204171Z</lastSuccessEndTime>
  <receivedTime>2025-12-08T11:47:34.218772Z</receivedTime>
  <startTime>2025-12-08T11:47:36.2266201Z</startTime>
  <endTime>2025-12-08T11:50:42.5204171Z</endTime>
  <complete>True</complete>
  <is_temp>False</is_temp>
  <is_readonly>True</is_readonly>
  <buildSummary />
</deployment>