<step title="Incoming Request" date="2025-12-09T10:59:14.510" instance="48c30d" url="/api/zipdeploy?isAsync=true" method="POST" type="request" pid="770,1,17" Accept="application/json" Host="app-prod-jukxrcncnvrqe.scm.azurewebsites.net" User-Agent="azsdk-go-zip-deploy/1.0.0 (go1.25.0 X:loopvar; darwin),azdev/1.22.0 (Go go1.25.0 X:loopvar; darwin/arm64)" Accept-Encoding="gzip" Authorization="Bea..." Content-Type="application/octet-stream" Content-Length="152203" x-ms-correlation-request-id="ed8c6bf74468a191216d86b317910e29" X-ARR-LOG-ID="ed8c6bf7-4468-a191-216d-86b317910e29" CLIENT-IP="196.50.202.240:39897" X-SITE-DEPLOYMENT-ID="app-prod-jukxrcncnvrqe" WAS-DEFAULT-HOSTNAME="app-prod-jukxrcncnvrqe.scm.azurewebsites.net" X-Forwarded-Proto="https" X-AppService-Proto="https" X-Forwarded-TlsVersion="1.3" X-WAWS-Unencoded-URL="/api/zipdeploy?isAsync=true" X-Client-IP="196.50.202.240" X-Client-Port="39897" >
  <step title="Cleanup Xml Logs" date="2025-12-09T10:59:14.541" >
    <step title="Cleanup Infos" date="2025-12-09T10:59:14.579" totalFiles="276" totalCleanup="116" /><!-- duration: 30ms -->
  </step><!-- duration: 80ms -->
  <step title="ZipPushDeploy" date="2025-12-09T10:59:14.743" >
    <step title="ZipDeploy. Extract zip. Remote build." date="2025-12-09T10:59:14.771" /><!-- duration: 2ms -->
    <step title="Starting PushDeployAsync" date="2025-12-09T10:59:14.790" /><!-- duration: 61ms -->
    <step title="Writing artifact to /tmp/zipdeploy/0d2cdf5e-cce2-47d8-b4cd-2be2b0e2588b.zip" date="2025-12-09T10:59:14.883" >
      <step title="Writing multipart request body to /tmp/zipdeploy/0d2cdf5e-cce2-47d8-b4cd-2be2b0e2588b.zip" date="2025-12-09T10:59:14.891" /><!-- duration: 2ms -->
    </step><!-- duration: 51ms -->
    <step title="Removing previous build artifact&apos;s manifest file" date="2025-12-09T10:59:14.953" >
      <step title="Start deployment in the background" date="2025-12-09T10:59:14.991" >
        <step title="Acquiring Deployment Lock" date="2025-12-09T10:59:15.133" /><!-- duration: 30ms -->
        <step title="Acquired Deployment Lock" date="2025-12-09T10:59:15.333" /><!-- duration: 40ms -->
      </step><!-- duration: 1588ms -->
    </step><!-- duration: 2201ms -->
    <step title="Outgoing response" date="2025-12-09T10:59:17.182" type="response" statusCode="202" statusText="Accepted" /><!-- duration: 42ms -->
  </step><!-- duration: 2512ms -->
