<step title="BackgroundTrace" date="2025-12-09T09:06:36.200" instance="7c5d95" url="/api/zipdeploy" method="POST" >
  <step title="Creating temporary deployment - FetchDeploymentManager" date="2025-12-09T09:06:36.304" /><!-- duration: 5ms -->
  <step title="Creating temporary deployment" date="2025-12-09T09:06:36.314" /><!-- duration: 58ms -->
  <step title="Performing fetch based deployment" date="2025-12-09T09:06:36.450" >
    <step title="Cleaning up temp folders from previous zip deployments and extracting pushed zip file /tmp/zipdeploy/f4413e99-8fee-4bdb-9f2a-5690e984fe46.zip (0.15 MB) to /tmp/zipdeploy/extracted" date="2025-12-09T09:06:37.651" >
      <step title="ChmodRecursive Process exited with total time taken in ms: 82" date="2025-12-09T09:06:37.823" /><!-- duration: 5ms -->
    </step><!-- duration: 181ms -->
    <step title="Deployment timer started" date="2025-12-09T09:06:39.852" >
      <step title="DeploymentManager.Deploy(id:7e8a18f4-328e-4ec8-b1af-fb1e29d9770d)" date="2025-12-09T09:06:39.862" >
        <step title="Collecting changeset information" date="2025-12-09T09:06:39.885" /><!-- duration: 108ms -->
        <step title="Updating submodules" date="2025-12-09T09:06:40.003" /><!-- duration: 1259ms -->
        <step title="Determining deployment builder" date="2025-12-09T09:06:41.539" >
          <step title="Builder is OryxBuilder" date="2025-12-09T09:06:41.549" /><!-- duration: 7ms -->
        </step><!-- duration: 31ms -->
        <step title="PreDeployment: context.CleanOutputPath False" date="2025-12-09T09:06:41.643" >
          <step title="PreDeployment: context.OutputPath /home/site/wwwroot" date="2025-12-09T09:06:41.810" >
            <step title="Building" date="2025-12-09T09:06:42.000" >
              <step title="Executing external process" date="2025-12-09T09:06:42.294" type="process" path="bash" arguments="-c &quot;oryx build /tmp/zipdeploy/extracted -o /home/site/wwwroot --platform python --platform-version 3.11 -p virtualenv_name=antenv --log-file /tmp/build-debug.log  -i /tmp/8de370244bd5ac7 --compress-destination-dir | tee /tmp/oryx-build.log ; exit $PIPESTATUS &quot;" /><!-- duration: 138179ms -->
              <step title="Using PythonDeploymentLogParser" date="2025-12-09T09:09:00.932" /><!-- duration: 3ms -->
              <step title="Triggering recycle (preview mode disabled)." date="2025-12-09T09:09:02.239" /><!-- duration: 5ms -->
              <step title="Modified file to trigger a restart of the app container." date="2025-12-09T09:09:02.283" /><!-- duration: 5ms -->
              <step title="Skip function trigger and logicapp sync because function is not enabled." date="2025-12-09T09:09:02.310" /><!-- duration: 7ms -->
            </step><!-- duration: 141314ms -->
          </step><!-- duration: 141511ms -->
          <step title="Cleaning up temp files" date="2025-12-09T09:09:03.324" /><!-- duration: 1483ms -->
          <step title="Cleaning up temp files" date="2025-12-09T09:09:04.812" /><!-- duration: 509ms -->
          <step title="Reloading status file with latest updates" date="2025-12-09T09:09:05.349" >
            <step title="WebHooksManager.PublishEventAsync: PostDeployment" date="2025-12-09T09:09:05.356" /><!-- duration: 70ms -->
          </step><!-- duration: 79ms -->
          <step title="Cleaning up temporary deployment - fetch deployment was successful" date="2025-12-09T09:09:05.435" /><!-- duration: 5ms -->
        </step><!-- duration: 143856ms -->
      </step><!-- duration: 145658ms -->
