<step title="BackgroundTrace" date="2025-12-08T11:43:17.644" instance="2b261b" url="/api/zipdeploy" method="POST" >
  <step title="Creating temporary deployment - FetchDeploymentManager" date="2025-12-08T11:43:18.187" /><!-- duration: 8ms -->
  <step title="Creating temporary deployment" date="2025-12-08T11:43:18.222" /><!-- duration: 393ms -->
  <step title="Performing fetch based deployment" date="2025-12-08T11:43:19.523" >
    <step title="Cleaning up temp folders from previous zip deployments and extracting pushed zip file /tmp/zipdeploy/3f3a2395-a4e5-4920-8b0f-33cb125bfc87.zip (0.14 MB) to /tmp/zipdeploy/extracted" date="2025-12-08T11:43:22.295" >
      <step title="ChmodRecursive Process exited with total time taken in ms: 740" date="2025-12-08T11:43:23.534" /><!-- duration: 28ms -->
    </step><!-- duration: 1317ms -->
    <step title="Deployment timer started" date="2025-12-08T11:43:25.756" >
      <step title="DeploymentManager.Deploy(id:a857e3ac-e438-4276-aeb5-fd831d96052a)" date="2025-12-08T11:43:25.794" >
        <step title="Collecting changeset information" date="2025-12-08T11:43:25.930" /><!-- duration: 251ms -->
        <step title="Updating submodules" date="2025-12-08T11:43:26.222" /><!-- duration: 1394ms -->
        <step title="Determining deployment builder" date="2025-12-08T11:43:28.011" >
          <step title="Builder is OryxBuilder" date="2025-12-08T11:43:28.150" /><!-- duration: 18ms -->
        </step><!-- duration: 177ms -->
        <step title="PreDeployment: context.CleanOutputPath False" date="2025-12-08T11:43:28.425" >
          <step title="PreDeployment: context.OutputPath /home/site/wwwroot" date="2025-12-08T11:43:28.879" >
            <step title="Building" date="2025-12-08T11:43:29.187" >
              <step title="Executing external process" date="2025-12-08T11:43:30.322" type="process" path="bash" arguments="-c &quot;oryx build /tmp/zipdeploy/extracted -o /home/site/wwwroot --platform python --platform-version 3.11 -p virtualenv_name=antenv --log-file /tmp/build-debug.log  -i /tmp/8de364f0125b788 --compress-destination-dir | tee /tmp/oryx-build.log ; exit $PIPESTATUS &quot;" >
                <step title="Error occurred" date="2025-12-08T11:44:59.999" type="error" text="GetParentProcessLinux (950) failed.: Could not find a part of the path &apos;/proc/950/stat&apos;." stackTrace="   at Interop.ThrowExceptionForIoErrno(ErrorInfo errorInfo, String path, Boolean isDirError)
   at Microsoft.Win32.SafeHandles.SafeFileHandle.Open(String fullPath, FileMode mode, FileAccess access, FileShare share, FileOptions options, Int64 preallocationSize, UnixFileMode openPermissions, Int64&amp; fileLength, UnixFileMode&amp; filePermissions, Boolean failForSymlink, Boolean&amp; wasSymlink, Func`4 createOpenException)
   at System.IO.Strategies.OSFileStreamStrategy..ctor(String path, FileMode mode, FileAccess access, FileShare share, FileOptions options, Int64 preallocationSize, Nullable`1 unixCreateMode)
   at System.IO.StreamReader.ValidateArgsAndOpenPath(String path, Encoding encoding, Int32 bufferSize)
   at System.IO.File.ReadLines(String path)
   at Kudu.Core.Infrastructure.ProcessExtensions.GetParentProcessLinux(Process process, ITracer tracer) in /tmp/KuduLite/Kudu.Core/Infrastructure/ProcessExtensions.cs:line 155" /><!-- duration: 213ms -->
                <step title="Cpu: build.sh(921,0.060s)+oryx(898,6.750s)+tee(899,0.000s)+bash(897,0.010s)=total(6.810s)" date="2025-12-08T11:45:01.985" /><!-- duration: 49ms -->
                <step title="bash: no io activity for 61s, prev-cpu=-1.000s, current-cpu=6.810s" date="2025-12-08T11:45:02.334" /><!-- duration: 129ms -->
