<step title="Incoming Request" date="2025-12-08T12:06:53.890" instance="2b261b" url="/api/zipdeploy?isAsync=true" method="POST" type="request" pid="770,1,3" Accept="application/json" Host="app-prod-jukxrcncnvrqe.scm.azurewebsites.net" User-Agent="azsdk-go-zip-deploy/1.0.0 (go1.25.0 X:loopvar; darwin),azdev/1.22.0 (Go go1.25.0 X:loopvar; darwin/arm64)" Accept-Encoding="gzip" Authorization="Bea..." Content-Type="application/octet-stream" Content-Length="151578" x-ms-correlation-request-id="23b62923a436429d49dc2b37b8336e2d" X-ARR-LOG-ID="23b62923-a436-429d-49dc-2b37b8336e2d" CLIENT-IP="155.93.206.134:49198" X-SITE-DEPLOYMENT-ID="app-prod-jukxrcncnvrqe" WAS-DEFAULT-HOSTNAME="app-prod-jukxrcncnvrqe.scm.azurewebsites.net" X-Forwarded-Proto="https" X-AppService-Proto="https" X-Forwarded-TlsVersion="1.3" X-WAWS-Unencoded-URL="/api/zipdeploy?isAsync=true" X-Client-IP="155.93.206.134" X-Client-Port="49198" >
  <step title="Cleanup Xml Logs" date="2025-12-08T12:06:53.893" /><!-- duration: 5ms -->
  <step title="ZipPushDeploy" date="2025-12-08T12:06:53.937" >
    <step title="ZipDeploy. Extract zip. Remote build." date="2025-12-08T12:06:53.943" /><!-- duration: 3ms -->
    <step title="Starting PushDeployAsync" date="2025-12-08T12:06:53.950" /><!-- duration: 2ms -->
    <step title="Writing artifact to /tmp/zipdeploy/b00a4b2b-b0ab-4e7e-8a85-d1ff61c15b1c.zip" date="2025-12-08T12:06:53.964" >
      <step title="Writing multipart request body to /tmp/zipdeploy/b00a4b2b-b0ab-4e7e-8a85-d1ff61c15b1c.zip" date="2025-12-08T12:06:53.966" /><!-- duration: 5ms -->
    </step><!-- duration: 28ms -->
    <step title="Removing previous build artifact&apos;s manifest file" date="2025-12-08T12:06:54.002" >
      <step title="Start deployment in the background" date="2025-12-08T12:06:54.012" >
        <step title="Acquiring Deployment Lock" date="2025-12-08T12:06:54.071" /><!-- duration: 2ms -->
        <step title="Acquired Deployment Lock" date="2025-12-08T12:06:54.108" /><!-- duration: 2ms -->
      </step><!-- duration: 174ms -->
    </step><!-- duration: 188ms -->
    <step title="Outgoing response" date="2025-12-08T12:06:54.193" type="response" statusCode="202" statusText="Accepted" /><!-- duration: 2ms -->
  </step><!-- duration: 260ms -->
