<step title="BackgroundTrace" date="2025-12-09T10:09:55.751" instance="48c30d" url="/api/zipdeploy" method="POST" >
  <step title="Creating temporary deployment - FetchDeploymentManager" date="2025-12-09T10:09:55.809" /><!-- duration: 1ms -->
  <step title="Creating temporary deployment" date="2025-12-09T10:09:55.812" /><!-- duration: 40ms -->
  <step title="Performing fetch based deployment" date="2025-12-09T10:09:55.888" >
    <step title="Cleaning up temp folders from previous zip deployments and extracting pushed zip file /tmp/zipdeploy/e616c738-54d7-4a09-a39b-84706f400a52.zip (0.15 MB) to /tmp/zipdeploy/extracted" date="2025-12-09T10:09:57.098" >
      <step title="ChmodRecursive Process exited with total time taken in ms: 147" date="2025-12-09T10:09:57.346" /><!-- duration: 19ms -->
    </step><!-- duration: 278ms -->
    <step title="Deployment timer started" date="2025-12-09T10:09:59.406" >
      <step title="DeploymentManager.Deploy(id:deb41e7b-5379-4491-bd1c-5a6210ae35ec)" date="2025-12-09T10:09:59.410" >
        <step title="Collecting changeset information" date="2025-12-09T10:09:59.435" /><!-- duration: 173ms -->
        <step title="Updating submodules" date="2025-12-09T10:09:59.625" /><!-- duration: 1168ms -->
        <step title="Determining deployment builder" date="2025-12-09T10:10:01.036" >
          <step title="Builder is OryxBuilder" date="2025-12-09T10:10:01.049" /><!-- duration: 18ms -->
        </step><!-- duration: 33ms -->
        <step title="PreDeployment: context.CleanOutputPath False" date="2025-12-09T10:10:01.138" >
          <step title="PreDeployment: context.OutputPath /home/site/wwwroot" date="2025-12-09T10:10:01.249" >
            <step title="Building" date="2025-12-09T10:10:01.470" >
              <step title="Executing external process" date="2025-12-09T10:10:01.792" type="process" path="bash" arguments="-c &quot;oryx build /tmp/zipdeploy/extracted -o /home/site/wwwroot --platform python --platform-version 3.11 -p virtualenv_name=antenv --log-file /tmp/build-debug.log  -i /tmp/8de370b1d69056b --compress-destination-dir | tee /tmp/oryx-build.log ; exit $PIPESTATUS &quot;" >
                <step title="Cpu: python(1314,44.700s)+ts(1315,0.150s)+build.sh(1313,0.000s)+build.sh(1312,0.000s)+build.sh(1234,0.060s)+oryx(1214,4.360s)+tee(1215,0.000s)+bash(1213,0.000s)=total(49.270s)" date="2025-12-09T10:11:30.233" /><!-- duration: 9ms -->
                <step title="bash: no io activity for 61s, prev-cpu=-1.000s, current-cpu=49.270s" date="2025-12-09T10:11:30.253" /><!-- duration: 9ms -->
              </step><!-- duration: 166019ms -->
              <step title="Using PythonDeploymentLogParser" date="2025-12-09T10:12:48.174" /><!-- duration: 2ms -->
              <step title="Triggering recycle (preview mode disabled)." date="2025-12-09T10:12:49.367" /><!-- duration: 10ms -->
              <step title="Modified file to trigger a restart of the app container." date="2025-12-09T10:12:49.407" /><!-- duration: 2ms -->
              <step title="Skip function trigger and logicapp sync because function is not enabled." date="2025-12-09T10:12:49.411" /><!-- duration: 1ms -->
            </step><!-- duration: 168913ms -->
          </step><!-- duration: 169137ms -->
          <step title="Cleaning up temp files" date="2025-12-09T10:12:50.388" /><!-- duration: 2952ms -->
          <step title="Cleaning up temp files" date="2025-12-09T10:12:53.346" /><!-- duration: 510ms -->
          <step title="Reloading status file with latest updates" date="2025-12-09T10:12:53.879" >
            <step title="WebHooksManager.PublishEventAsync: PostDeployment" date="2025-12-09T10:12:53.881" /><!-- duration: 56ms -->
          </step><!-- duration: 60ms -->
          <step title="Cleaning up temporary deployment - fetch deployment was successful" date="2025-12-09T10:12:53.941" /><!-- duration: 1ms -->
        </step><!-- duration: 172837ms -->
      </step><!-- duration: 174575ms -->
