<step title="BackgroundTrace" date="2025-12-08T12:06:54.014" instance="2b261b" url="/api/zipdeploy" method="POST" >
  <step title="Creating temporary deployment - FetchDeploymentManager" date="2025-12-08T12:06:54.113" /><!-- duration: 1ms -->
  <step title="Creating temporary deployment" date="2025-12-08T12:06:54.117" /><!-- duration: 67ms -->
  <step title="Performing fetch based deployment" date="2025-12-08T12:06:54.201" >
    <step title="Cleaning up temp folders from previous zip deployments and extracting pushed zip file /tmp/zipdeploy/b00a4b2b-b0ab-4e7e-8a85-d1ff61c15b1c.zip (0.14 MB) to /tmp/zipdeploy/extracted" date="2025-12-08T12:06:55.330" >
      <step title="ChmodRecursive Process exited with total time taken in ms: 63" date="2025-12-08T12:06:55.471" /><!-- duration: 10ms -->
    </step><!-- duration: 153ms -->
    <step title="Deployment timer started" date="2025-12-08T12:06:57.505" >
      <step title="DeploymentManager.Deploy(id:2d585c03-6a16-43bc-bda0-edd1107dd766)" date="2025-12-08T12:06:57.526" >
        <step title="Collecting changeset information" date="2025-12-08T12:06:57.625" /><!-- duration: 202ms -->
        <step title="Updating submodules" date="2025-12-08T12:06:57.830" /><!-- duration: 1113ms -->
        <step title="Determining deployment builder" date="2025-12-08T12:06:59.149" >
          <step title="Builder is OryxBuilder" date="2025-12-08T12:06:59.170" /><!-- duration: 3ms -->
        </step><!-- duration: 30ms -->
        <step title="PreDeployment: context.CleanOutputPath False" date="2025-12-08T12:06:59.242" >
          <step title="PreDeployment: context.OutputPath /home/site/wwwroot" date="2025-12-08T12:06:59.362" >
            <step title="Building" date="2025-12-08T12:06:59.684" >
              <step title="Executing external process" date="2025-12-08T12:06:59.979" type="process" path="bash" arguments="-c &quot;oryx build /tmp/zipdeploy/extracted -o /home/site/wwwroot --platform python --platform-version 3.11 -p virtualenv_name=antenv --log-file /tmp/build-debug.log  -i /tmp/8de36524a1e619f --compress-destination-dir | tee /tmp/oryx-build.log ; exit $PIPESTATUS &quot;" >
                <step title="Cpu: python(1572,38.080s)+ts(1573,0.110s)+build.sh(1571,0.000s)+build.sh(1570,0.000s)+build.sh(1476,0.080s)+oryx(1457,3.300s)+tee(1458,0.000s)+bash(1456,0.000s)=total(41.570s)" date="2025-12-08T12:08:40.833" /><!-- duration: 11ms -->
                <step title="bash: no io activity for 60s, prev-cpu=-1.000s, current-cpu=41.570s" date="2025-12-08T12:08:40.863" /><!-- duration: 48ms -->
              </step><!-- duration: 164309ms -->
              <step title="Using PythonDeploymentLogParser" date="2025-12-08T12:09:44.815" /><!-- duration: 3ms -->
              <step title="Triggering recycle (preview mode disabled)." date="2025-12-08T12:09:46.578" /><!-- duration: 19ms -->
              <step title="Modified file to trigger a restart of the app container." date="2025-12-08T12:09:46.622" /><!-- duration: 10ms -->
              <step title="Skip function trigger and logicapp sync because function is not enabled." date="2025-12-08T12:09:46.640" /><!-- duration: 17ms -->
            </step><!-- duration: 168288ms -->
          </step><!-- duration: 168615ms -->
          <step title="Cleaning up temp files" date="2025-12-08T12:09:47.978" /><!-- duration: 2510ms -->
          <step title="Cleaning up temp files" date="2025-12-08T12:09:50.493" /><!-- duration: 509ms -->
          <step title="Reloading status file with latest updates" date="2025-12-08T12:09:51.037" >
            <step title="WebHooksManager.PublishEventAsync: PostDeployment" date="2025-12-08T12:09:51.039" /><!-- duration: 38ms -->
          </step><!-- duration: 43ms -->
          <step title="Cleaning up temporary deployment - fetch deployment was successful" date="2025-12-08T12:09:51.083" /><!-- duration: 2ms -->
        </step><!-- duration: 171885ms -->
      </step><!-- duration: 173611ms -->
