<step title="BackgroundTrace" date="2025-12-09T10:59:15.012" instance="48c30d" url="/api/zipdeploy" method="POST" >
  <step title="Creating temporary deployment - FetchDeploymentManager" date="2025-12-09T10:59:15.376" /><!-- duration: 58ms -->
  <step title="Creating temporary deployment" date="2025-12-09T10:59:15.456" /><!-- duration: 1113ms -->
  <step title="Performing fetch based deployment" date="2025-12-09T10:59:17.312" >
    <step title="Cleaning up temp folders from previous zip deployments and extracting pushed zip file /tmp/zipdeploy/0d2cdf5e-cce2-47d8-b4cd-2be2b0e2588b.zip (0.15 MB) to /tmp/zipdeploy/extracted" date="2025-12-09T10:59:19.330" >
      <step title="ChmodRecursive Process exited with total time taken in ms: 943" date="2025-12-09T10:59:22.642" /><!-- duration: 50ms -->
    </step><!-- duration: 3382ms -->
    <step title="Deployment timer started" date="2025-12-09T10:59:24.763" >
      <step title="DeploymentManager.Deploy(id:37c45e05-ea78-48a1-9801-60aa45f9d42a)" date="2025-12-09T10:59:24.793" >
        <step title="Collecting changeset information" date="2025-12-09T10:59:24.856" /><!-- duration: 209ms -->
        <step title="Updating submodules" date="2025-12-09T10:59:25.085" /><!-- duration: 1244ms -->
        <step title="Determining deployment builder" date="2025-12-09T10:59:26.709" >
          <step title="Builder is OryxBuilder" date="2025-12-09T10:59:26.860" /><!-- duration: 12ms -->
        </step><!-- duration: 172ms -->
        <step title="PreDeployment: context.CleanOutputPath False" date="2025-12-09T10:59:27.011" >
          <step title="PreDeployment: context.OutputPath /home/site/wwwroot" date="2025-12-09T10:59:27.251" >
            <step title="Building" date="2025-12-09T10:59:27.495" >
              <step title="Executing external process" date="2025-12-09T10:59:28.359" type="process" path="bash" arguments="-c &quot;oryx build /tmp/zipdeploy/extracted -o /home/site/wwwroot --platform python --platform-version 3.11 -p virtualenv_name=antenv --log-file /tmp/build-debug.log  -i /tmp/8de3712052f4988 --compress-destination-dir | tee /tmp/oryx-build.log ; exit $PIPESTATUS &quot;" >
                <step title="Cpu: python(2068,41.530s)+ts(2069,0.140s)+build.sh(2067,0.000s)+build.sh(2066,0.000s)+build.sh(1985,0.070s)+oryx(1962,5.290s)+tee(1963,0.010s)+bash(1961,0.000s)=total(47.040s)" date="2025-12-09T11:01:00.127" /><!-- duration: 10ms -->
                <step title="bash: no io activity for 60s, prev-cpu=-1.000s, current-cpu=47.040s" date="2025-12-09T11:01:00.140" /><!-- duration: 30ms -->
