<step title="BackgroundTrace" date="2025-12-08T11:53:49.476" instance="2b261b" url="/api/zipdeploy" method="POST" >
  <step title="Creating temporary deployment - FetchDeploymentManager" date="2025-12-08T11:53:49.535" /><!-- duration: 1ms -->
  <step title="Creating temporary deployment" date="2025-12-08T11:53:49.539" /><!-- duration: 44ms -->
  <step title="Performing fetch based deployment" date="2025-12-08T11:53:49.603" >
    <step title="Cleaning up temp folders from previous zip deployments and extracting pushed zip file /tmp/zipdeploy/9c2305c9-79cc-4b22-bc57-0a6ba6164b5f.zip (0.14 MB) to /tmp/zipdeploy/extracted" date="2025-12-08T11:53:50.764" >
      <step title="ChmodRecursive Process exited with total time taken in ms: 49" date="2025-12-08T11:53:50.899" /><!-- duration: 8ms -->
    </step><!-- duration: 152ms -->
    <step title="Deployment timer started" date="2025-12-08T11:53:52.937" >
      <step title="DeploymentManager.Deploy(id:64e1620f-31df-4868-a7a4-b31dcd7add4e)" date="2025-12-08T11:53:52.949" >
        <step title="Collecting changeset information" date="2025-12-08T11:53:52.987" /><!-- duration: 122ms -->
        <step title="Updating submodules" date="2025-12-08T11:53:53.113" /><!-- duration: 1126ms -->
        <step title="Determining deployment builder" date="2025-12-08T11:53:54.458" >
          <step title="Builder is OryxBuilder" date="2025-12-08T11:53:54.488" /><!-- duration: 29ms -->
        </step><!-- duration: 138ms -->
        <step title="PreDeployment: context.CleanOutputPath False" date="2025-12-08T11:53:54.652" >
          <step title="PreDeployment: context.OutputPath /home/site/wwwroot" date="2025-12-08T11:53:54.760" >
            <step title="Building" date="2025-12-08T11:53:54.890" >
              <step title="Executing external process" date="2025-12-08T11:53:55.198" type="process" path="bash" arguments="-c &quot;oryx build /tmp/zipdeploy/extracted -o /home/site/wwwroot --platform python --platform-version 3.11 -p virtualenv_name=antenv --log-file /tmp/build-debug.log  -i /tmp/8de3650767a7db5 --compress-destination-dir | tee /tmp/oryx-build.log ; exit $PIPESTATUS &quot;" >
                <step title="Cpu: python(1250,40.930s)+ts(1251,0.200s)+build.sh(1249,0.000s)+build.sh(1248,0.000s)+build.sh(1165,0.060s)+oryx(1147,4.200s)+tee(1148,0.000s)+bash(1146,0.000s)=total(45.390s)" date="2025-12-08T11:55:26.683" /><!-- duration: 28ms -->
                <step title="bash: no io activity for 60s, prev-cpu=-1.000s, current-cpu=45.390s" date="2025-12-08T11:55:26.721" /><!-- duration: 10ms -->
              </step><!-- duration: 151345ms -->
              <step title="Using PythonDeploymentLogParser" date="2025-12-08T11:56:26.915" /><!-- duration: 10ms -->
              <step title="Triggering recycle (preview mode disabled)." date="2025-12-08T11:56:28.251" /><!-- duration: 4ms -->
              <step title="Modified file to trigger a restart of the app container." date="2025-12-08T11:56:28.285" /><!-- duration: 2ms -->
              <step title="Skip function trigger and logicapp sync because function is not enabled." date="2025-12-08T11:56:28.290" /><!-- duration: 7ms -->
            </step><!-- duration: 154324ms -->
          </step><!-- duration: 154457ms -->
          <step title="Cleaning up temp files" date="2025-12-08T11:56:29.219" /><!-- duration: 2712ms -->
          <step title="Cleaning up temp files" date="2025-12-08T11:56:31.934" /><!-- duration: 506ms -->
          <step title="Reloading status file with latest updates" date="2025-12-08T11:56:32.481" >
            <step title="WebHooksManager.PublishEventAsync: PostDeployment" date="2025-12-08T11:56:32.484" /><!-- duration: 33ms -->
          </step><!-- duration: 39ms -->
          <step title="Cleaning up temporary deployment - fetch deployment was successful" date="2025-12-08T11:56:32.524" /><!-- duration: 2ms -->
        </step><!-- duration: 157916ms -->
      </step><!-- duration: 159628ms -->
