<step title="BackgroundTrace" date="2025-12-09T09:55:25.207" instance="48c30d" url="/api/zipdeploy" method="POST" >
  <step title="Creating temporary deployment - FetchDeploymentManager" date="2025-12-09T09:55:25.394" /><!-- duration: 1ms -->
  <step title="Creating temporary deployment" date="2025-12-09T09:55:25.397" /><!-- duration: 34ms -->
  <step title="Performing fetch based deployment" date="2025-12-09T09:55:25.642" >
    <step title="Cleaning up temp folders from previous zip deployments and extracting pushed zip file /tmp/zipdeploy/4371b94a-7615-4985-b8b3-95695a4f9e5c.zip (0.15 MB) to /tmp/zipdeploy/extracted" date="2025-12-09T09:55:26.882" >
      <step title="ChmodRecursive Process exited with total time taken in ms: 257" date="2025-12-09T09:55:27.462" /><!-- duration: 19ms -->
    </step><!-- duration: 628ms -->
    <step title="Deployment timer started" date="2025-12-09T09:55:29.544" >
      <step title="DeploymentManager.Deploy(id:9544eb27-e1f9-4d28-8a1c-08e080c0d772)" date="2025-12-09T09:55:29.547" >
        <step title="Collecting changeset information" date="2025-12-09T09:55:29.564" /><!-- duration: 111ms -->
        <step title="Updating submodules" date="2025-12-09T09:55:29.678" /><!-- duration: 1132ms -->
        <step title="Determining deployment builder" date="2025-12-09T09:55:31.115" >
          <step title="Builder is OryxBuilder" date="2025-12-09T09:55:31.124" /><!-- duration: 2ms -->
        </step><!-- duration: 13ms -->
        <step title="PreDeployment: context.CleanOutputPath False" date="2025-12-09T09:55:31.178" >
          <step title="PreDeployment: context.OutputPath /home/site/wwwroot" date="2025-12-09T09:55:31.289" >
            <step title="Building" date="2025-12-09T09:55:31.427" >
              <step title="Executing external process" date="2025-12-09T09:55:31.712" type="process" path="bash" arguments="-c &quot;oryx build /tmp/zipdeploy/extracted -o /home/site/wwwroot --platform python --platform-version 3.11 -p virtualenv_name=antenv --log-file /tmp/build-debug.log  -i /tmp/8de370916e1a072 --compress-destination-dir | tee /tmp/oryx-build.log ; exit $PIPESTATUS &quot;" >
                <step title="Error occurred" date="2025-12-09T09:57:41.558" type="error" text="GetParentProcessLinux (954) failed.: Could not find a part of the path &apos;/proc/954/stat&apos;." stackTrace="   at Interop.ThrowExceptionForIoErrno(ErrorInfo errorInfo, String path, Boolean isDirError)
   at Microsoft.Win32.SafeHandles.SafeFileHandle.Open(String fullPath, FileMode mode, FileAccess access, FileShare share, FileOptions options, Int64 preallocationSize, UnixFileMode openPermissions, Int64&amp; fileLength, UnixFileMode&amp; filePermissions, Boolean failForSymlink, Boolean&amp; wasSymlink, Func`4 createOpenException)
   at System.IO.Strategies.OSFileStreamStrategy..ctor(String path, FileMode mode, FileAccess access, FileShare share, FileOptions options, Int64 preallocationSize, Nullable`1 unixCreateMode)
   at System.IO.StreamReader.ValidateArgsAndOpenPath(String path, Encoding encoding, Int32 bufferSize)
   at System.IO.File.ReadLines(String path)
   at Kudu.Core.Infrastructure.ProcessExtensions.GetParentProcessLinux(Process process, ITracer tracer) in /tmp/KuduLite/Kudu.Core/Infrastructure/ProcessExtensions.cs:line 155" /><!-- duration: 8ms -->
                <step title="Cpu: python(925,28.030s)+ts(926,0.100s)+build.sh(924,0.000s)+build.sh(923,0.000s)+build.sh(820,0.090s)+oryx(797,6.550s)+tee(798,0.000s)+bash(796,0.000s)=total(34.770s)" date="2025-12-09T09:57:41.626" /><!-- duration: 21ms -->
                <step title="bash: no io activity for 61s, prev-cpu=-1.000s, current-cpu=34.770s" date="2025-12-09T09:57:41.658" /><!-- duration: 19ms -->
              </step><!-- duration: 222034ms -->
              <step title="Using PythonDeploymentLogParser" date="2025-12-09T09:59:14.181" /><!-- duration: 31ms -->
              <step title="Triggering recycle (preview mode disabled)." date="2025-12-09T09:59:15.562" /><!-- duration: 2ms -->
              <step title="Modified file to trigger a restart of the app container." date="2025-12-09T09:59:15.595" /><!-- duration: 2ms -->
              <step title="Skip function trigger and logicapp sync because function is not enabled." date="2025-12-09T09:59:15.603" /><!-- duration: 2ms -->
            </step><!-- duration: 225274ms -->
          </step><!-- duration: 225415ms -->
          <step title="Cleaning up temp files" date="2025-12-09T09:59:16.709" /><!-- duration: 2953ms -->
          <step title="Cleaning up temp files" date="2025-12-09T09:59:19.680" /><!-- duration: 510ms -->
          <step title="Reloading status file with latest updates" date="2025-12-09T09:59:20.209" >
            <step title="WebHooksManager.PublishEventAsync: PostDeployment" date="2025-12-09T09:59:20.212" /><!-- duration: 95ms -->
          </step><!-- duration: 99ms -->
          <step title="Cleaning up temporary deployment - fetch deployment was successful" date="2025-12-09T09:59:20.312" /><!-- duration: 1ms -->
        </step><!-- duration: 229172ms -->
      </step><!-- duration: 230813ms -->
