<step title="Incoming Request" date="2025-12-08T10:36:04.469" instance="2b261b" url="/api/zipdeploy?isAsync=true" method="POST" type="request" pid="768,1,25" Accept="application/json" Host="app-prod-jukxrcncnvrqe.scm.azurewebsites.net" User-Agent="azsdk-go-zip-deploy/1.0.0 (go1.25.0 X:loopvar; darwin),azdev/1.22.0 (Go go1.25.0 X:loopvar; darwin/arm64)" Accept-Encoding="gzip" Authorization="Bea..." Content-Type="application/octet-stream" Content-Length="147656" x-ms-correlation-request-id="9dc559b89155c9651b5a99a17495e3d4" X-ARR-LOG-ID="9dc559b8-9155-c965-1b5a-99a17495e3d4" CLIENT-IP="155.93.206.134:49276" X-SITE-DEPLOYMENT-ID="app-prod-jukxrcncnvrqe" WAS-DEFAULT-HOSTNAME="app-prod-jukxrcncnvrqe.scm.azurewebsites.net" X-Forwarded-Proto="https" X-AppService-Proto="https" X-Forwarded-TlsVersion="1.3" X-WAWS-Unencoded-URL="/api/zipdeploy?isAsync=true" X-Client-IP="155.93.206.134" X-Client-Port="49276" >
  <step title="Cleanup Xml Logs" date="2025-12-08T10:36:04.472" /><!-- duration: 5ms -->
  <step title="ZipPushDeploy" date="2025-12-08T10:36:04.538" >
    <step title="ZipDeploy. Extract zip. Remote build." date="2025-12-08T10:36:04.554" /><!-- duration: 2ms -->
    <step title="Starting PushDeployAsync" date="2025-12-08T10:36:04.561" /><!-- duration: 2ms -->
    <step title="Writing artifact to /tmp/zipdeploy/707e580c-cdf3-4b8d-8770-b9b41ea69ef4.zip" date="2025-12-08T10:36:04.574" >
      <step title="Writing multipart request body to /tmp/zipdeploy/707e580c-cdf3-4b8d-8770-b9b41ea69ef4.zip" date="2025-12-08T10:36:04.576" /><!-- duration: 7ms -->
    </step><!-- duration: 37ms -->
    <step title="Start deployment in the background" date="2025-12-08T10:36:04.621" >
      <step title="Acquiring Deployment Lock" date="2025-12-08T10:36:04.655" /><!-- duration: 3ms -->
      <step title="Acquired Deployment Lock" date="2025-12-08T10:36:04.698" /><!-- duration: 2ms -->
    </step><!-- duration: 151ms -->
  </step><!-- duration: 240ms -->
  <step title="Outgoing response" date="2025-12-08T10:36:04.781" type="response" statusCode="202" statusText="Accepted" /><!-- duration: 10ms -->
</step><!-- duration: 324ms -->
