<step title="Incoming Request" date="2025-12-08T11:53:49.170" instance="2b261b" url="/api/zipdeploy?isAsync=true" method="POST" type="request" pid="770,1,31" Accept="application/json" Host="app-prod-jukxrcncnvrqe.scm.azurewebsites.net" User-Agent="azsdk-go-zip-deploy/1.0.0 (go1.25.0 X:loopvar; darwin),azdev/1.22.0 (Go go1.25.0 X:loopvar; darwin/arm64)" Accept-Encoding="gzip" Authorization="Bea..." Content-Type="application/octet-stream" Content-Length="151578" x-ms-correlation-request-id="23b62923a436429d49dc2b37b8336e2d" X-ARR-LOG-ID="23b62923-a436-429d-49dc-2b37b8336e2d" CLIENT-IP="155.93.206.134:63456" X-SITE-DEPLOYMENT-ID="app-prod-jukxrcncnvrqe" WAS-DEFAULT-HOSTNAME="app-prod-jukxrcncnvrqe.scm.azurewebsites.net" X-Forwarded-Proto="https" X-AppService-Proto="https" X-Forwarded-TlsVersion="1.3" X-WAWS-Unencoded-URL="/api/zipdeploy?isAsync=true" X-Client-IP="155.93.206.134" X-Client-Port="63456" >
  <step title="Cleanup Xml Logs" date="2025-12-08T11:53:49.173" /><!-- duration: 4ms -->
  <step title="ZipPushDeploy" date="2025-12-08T11:53:49.333" >
    <step title="ZipDeploy. Extract zip. Remote build." date="2025-12-08T11:53:49.353" /><!-- duration: 2ms -->
    <step title="Starting PushDeployAsync" date="2025-12-08T11:53:49.365" /><!-- duration: 2ms -->
    <step title="Writing artifact to /tmp/zipdeploy/9c2305c9-79cc-4b22-bc57-0a6ba6164b5f.zip" date="2025-12-08T11:53:49.382" >
      <step title="Writing multipart request body to /tmp/zipdeploy/9c2305c9-79cc-4b22-bc57-0a6ba6164b5f.zip" date="2025-12-08T11:53:49.385" /><!-- duration: 14ms -->
    </step><!-- duration: 44ms -->
    <step title="Removing previous build artifact&apos;s manifest file" date="2025-12-08T11:53:49.436" >
      <step title="Start deployment in the background" date="2025-12-08T11:53:49.469" >
        <step title="Acquiring Deployment Lock" date="2025-12-08T11:53:49.504" /><!-- duration: 8ms -->
        <step title="Acquired Deployment Lock" date="2025-12-08T11:53:49.531" /><!-- duration: 2ms -->
      </step><!-- duration: 116ms -->
    </step><!-- duration: 155ms -->
    <step title="Outgoing response" date="2025-12-08T11:53:49.593" type="response" statusCode="202" statusText="Accepted" /><!-- duration: 2ms -->
  </step><!-- duration: 264ms -->
