<step title="BackgroundTrace" date="2025-12-08T10:38:10.367" instance="2b261b" url="/api/zipdeploy" method="POST" >
  <step title="Creating temporary deployment - FetchDeploymentManager" date="2025-12-08T10:38:10.409" /><!-- duration: 17ms -->
  <step title="Creating temporary deployment" date="2025-12-08T10:38:10.429" /><!-- duration: 57ms -->
  <step title="Performing fetch based deployment" date="2025-12-08T10:38:10.508" >
    <step title="Cleaning up temp folders from previous zip deployments and extracting pushed zip file /tmp/zipdeploy/fa97ffc4-92ae-491b-bc98-257b5a8ddf99.zip (0.14 MB) to /tmp/zipdeploy/extracted" date="2025-12-08T10:38:11.690" >
      <step title="ChmodRecursive Process exited with total time taken in ms: 61" date="2025-12-08T10:38:11.860" /><!-- duration: 8ms -->
    </step><!-- duration: 181ms -->
    <step title="Deployment timer started" date="2025-12-08T10:38:13.889" >
      <step title="DeploymentManager.Deploy(id:3b08a696-5815-4019-b4d9-6ef99fd30b1b)" date="2025-12-08T10:38:13.895" >
        <step title="Collecting changeset information" date="2025-12-08T10:38:13.918" /><!-- duration: 132ms -->
        <step title="Updating submodules" date="2025-12-08T10:38:14.054" /><!-- duration: 1127ms -->
        <step title="Determining deployment builder" date="2025-12-08T10:38:15.406" >
          <step title="Builder is OryxBuilder" date="2025-12-08T10:38:15.419" /><!-- duration: 4ms -->
        </step><!-- duration: 26ms -->
        <step title="PreDeployment: context.CleanOutputPath False" date="2025-12-08T10:38:15.487" >
          <step title="PreDeployment: context.OutputPath /home/site/wwwroot" date="2025-12-08T10:38:15.674" >
            <step title="Building" date="2025-12-08T10:38:15.806" >
              <step title="Executing external process" date="2025-12-08T10:38:16.129" type="process" path="bash" arguments="-c &quot;oryx build /tmp/zipdeploy/extracted -o /home/site/wwwroot --platform python --platform-version 3.11 -p virtualenv_name=antenv --log-file /tmp/build-debug.log  -i /tmp/8de3645e4ea3bac --compress-destination-dir | tee /tmp/oryx-build.log ; exit $PIPESTATUS &quot;" >
                <step title="Cpu: python(1245,35.160s)+ts(1246,0.160s)+build.sh(1244,0.000s)+build.sh(1243,0.000s)+build.sh(1161,0.050s)+oryx(1143,3.410s)+tee(1144,0.000s)+bash(1142,0.000s)=total(38.770s)" date="2025-12-08T10:39:44.782" /><!-- duration: 38ms -->
                <step title="bash: no io activity for 60s, prev-cpu=-1.000s, current-cpu=38.770s" date="2025-12-08T10:39:44.831" /><!-- duration: 20ms -->
              </step><!-- duration: 165340ms -->
              <step title="Using PythonDeploymentLogParser" date="2025-12-08T10:41:01.943" /><!-- duration: 2ms -->
              <step title="Triggering recycle (preview mode disabled)." date="2025-12-08T10:41:03.250" /><!-- duration: 4ms -->
              <step title="Modified file to trigger a restart of the app container." date="2025-12-08T10:41:03.307" /><!-- duration: 8ms -->
              <step title="Skip function trigger and logicapp sync because function is not enabled." date="2025-12-08T10:41:03.349" /><!-- duration: 8ms -->
              <step title="Purge deployment items" date="2025-12-08T10:41:04.540" >
                <step title="Remove 29d6f864-, Failed, received at 12/08/2025 10:36:08" date="2025-12-08T10:41:04.607" /><!-- duration: 2ms -->
              </step><!-- duration: 72ms -->
            </step><!-- duration: 168901ms -->
          </step><!-- duration: 169036ms -->
          <step title="Cleaning up temp files" date="2025-12-08T10:41:04.713" /><!-- duration: 4914ms -->
          <step title="Cleaning up temp files" date="2025-12-08T10:41:09.645" /><!-- duration: 525ms -->
          <step title="Reloading status file with latest updates" date="2025-12-08T10:41:10.215" >
            <step title="WebHooksManager.PublishEventAsync: PostDeployment" date="2025-12-08T10:41:10.232" /><!-- duration: 208ms -->
          </step><!-- duration: 233ms -->
          <step title="Cleaning up temporary deployment - fetch deployment was successful" date="2025-12-08T10:41:10.542" /><!-- duration: 30ms -->
        </step><!-- duration: 175331ms -->
      </step><!-- duration: 177015ms -->
