<step title="Incoming Request" date="2025-12-08T11:47:23.658" instance="2b261b" url="/api/zipdeploy?isAsync=true" method="POST" type="request" pid="770,1,17" Accept="application/json" Host="app-prod-jukxrcncnvrqe.scm.azurewebsites.net" User-Agent="azsdk-go-zip-deploy/1.0.0 (go1.25.0 X:loopvar; darwin),azdev/1.22.0 (Go go1.25.0 X:loopvar; darwin/arm64)" Accept-Encoding="gzip" Authorization="Bea..." Content-Type="application/octet-stream" Content-Length="151578" x-ms-correlation-request-id="9540e5904bacf5ac2218a4ba9c0c582a" X-ARR-LOG-ID="9540e590-4bac-f5ac-2218-a4ba9c0c582a" CLIENT-IP="155.93.206.134:62471" X-SITE-DEPLOYMENT-ID="app-prod-jukxrcncnvrqe" WAS-DEFAULT-HOSTNAME="app-prod-jukxrcncnvrqe.scm.azurewebsites.net" X-Forwarded-Proto="https" X-AppService-Proto="https" X-Forwarded-TlsVersion="1.3" X-WAWS-Unencoded-URL="/api/zipdeploy?isAsync=true" X-Client-IP="155.93.206.134" X-Client-Port="62471" >
  <step title="Cleanup Xml Logs" date="2025-12-08T11:47:23.718" /><!-- duration: 168ms -->
  <step title="ZipPushDeploy" date="2025-12-08T11:47:24.796" >
    <step title="ZipDeploy. Extract zip. Remote build." date="2025-12-08T11:47:24.888" /><!-- duration: 10ms -->
    <step title="None repository commit" date="2025-12-08T11:47:25.078" >
      <step title="Commit id: 98b90872-a137-427d-85bd-f3d6f58e8c92" date="2025-12-08T11:47:25.126" Message="N/A" AuthorName="N/A" AuthorEmail="N/A" /><!-- duration: 13ms -->
    </step><!-- duration: 108ms -->
    <step title="Starting PushDeployAsync" date="2025-12-08T11:47:25.208" /><!-- duration: 68ms -->
    <step title="Writing artifact to /tmp/zipdeploy/3d6f2300-9b51-4d6d-ab5e-a8c2c8ae33a8.zip" date="2025-12-08T11:47:25.566" >
      <step title="Writing multipart request body to /tmp/zipdeploy/3d6f2300-9b51-4d6d-ab5e-a8c2c8ae33a8.zip" date="2025-12-08T11:47:25.677" /><!-- duration: 51ms -->
    </step><!-- duration: 832ms -->
    <step title="Start deployment in the background" date="2025-12-08T11:47:26.692" >
      <step title="Acquiring Deployment Lock" date="2025-12-08T11:47:27.256" /><!-- duration: 30ms -->
      <step title="Acquired Deployment Lock" date="2025-12-08T11:47:27.546" /><!-- duration: 41ms -->
    </step><!-- duration: 1604ms -->
  </step><!-- duration: 3557ms -->
  <step title="Outgoing response" date="2025-12-08T11:47:28.443" type="response" statusCode="202" statusText="Accepted" /><!-- duration: 11ms -->
</step><!-- duration: 4854ms -->
