<step title="Incoming Request" date="2025-12-09T09:55:24.403" instance="48c30d" url="/api/zipdeploy?isAsync=true" method="POST" type="request" pid="770,1,7" Accept="application/json" Host="app-prod-jukxrcncnvrqe.scm.azurewebsites.net" User-Agent="azsdk-go-zip-deploy/1.0.0 (go1.25.0 X:loopvar; darwin),azdev/1.22.0 (Go go1.25.0 X:loopvar; darwin/arm64)" Accept-Encoding="gzip" Authorization="Bea..." Content-Type="application/octet-stream" Content-Length="152203" x-ms-correlation-request-id="1b39b8038d8efbe5b3e8f50c020fbc59" X-ARR-LOG-ID="1b39b803-8d8e-fbe5-b3e8-f50c020fbc59" CLIENT-IP="196.50.202.240:54885" X-SITE-DEPLOYMENT-ID="app-prod-jukxrcncnvrqe" WAS-DEFAULT-HOSTNAME="app-prod-jukxrcncnvrqe.scm.azurewebsites.net" X-Forwarded-Proto="https" X-AppService-Proto="https" X-Forwarded-TlsVersion="1.3" X-WAWS-Unencoded-URL="/api/zipdeploy?isAsync=true" X-Client-IP="196.50.202.240" X-Client-Port="54885" >
  <step title="ZipPushDeploy" date="2025-12-09T09:55:25.077" >
    <step title="ZipDeploy. Extract zip. Remote build." date="2025-12-09T09:55:25.088" /><!-- duration: 2ms -->
    <step title="None repository commit" date="2025-12-09T09:55:25.096" >
      <step title="Commit id: 9544eb27-e1f9-4d28-8a1c-08e080c0d772" date="2025-12-09T09:55:25.098" Message="N/A" AuthorName="N/A" AuthorEmail="N/A" /><!-- duration: 2ms -->
    </step><!-- duration: 5ms -->
    <step title="Starting PushDeployAsync" date="2025-12-09T09:55:25.102" /><!-- duration: 2ms -->
    <step title="Writing artifact to /tmp/zipdeploy/4371b94a-7615-4985-b8b3-95695a4f9e5c.zip" date="2025-12-09T09:55:25.112" >
      <step title="Writing multipart request body to /tmp/zipdeploy/4371b94a-7615-4985-b8b3-95695a4f9e5c.zip" date="2025-12-09T09:55:25.117" /><!-- duration: 2ms -->
    </step><!-- duration: 38ms -->
    <step title="Removing previous build artifact&apos;s manifest file" date="2025-12-09T09:55:25.168" >
      <step title="Start deployment in the background" date="2025-12-09T09:55:25.198" >
        <step title="Acquiring Deployment Lock" date="2025-12-09T09:55:25.269" /><!-- duration: 20ms -->
        <step title="Acquired Deployment Lock" date="2025-12-09T09:55:25.390" /><!-- duration: 2ms -->
      </step><!-- duration: 235ms -->
    </step><!-- duration: 273ms -->
    <step title="Outgoing response" date="2025-12-09T09:55:25.541" type="response" statusCode="202" statusText="Accepted" /><!-- duration: 20ms -->
  </step><!-- duration: 502ms -->
