<step title="BackgroundTrace" date="2025-12-08T10:51:40.117" instance="2b261b" url="/api/zipdeploy" method="POST" >
  <step title="Creating temporary deployment - FetchDeploymentManager" date="2025-12-08T10:51:40.160" /><!-- duration: 2ms -->
  <step title="Creating temporary deployment" date="2025-12-08T10:51:40.165" /><!-- duration: 55ms -->
  <step title="Performing fetch based deployment" date="2025-12-08T10:51:40.239" >
    <step title="Cleaning up temp folders from previous zip deployments and extracting pushed zip file /tmp/zipdeploy/561e5674-06bb-4e17-ab39-7c768df4758d.zip (0.14 MB) to /tmp/zipdeploy/extracted" date="2025-12-08T10:51:41.463" >
      <step title="ChmodRecursive Process exited with total time taken in ms: 79" date="2025-12-08T10:51:41.623" /><!-- duration: 3ms -->
    </step><!-- duration: 170ms -->
    <step title="Deployment timer started" date="2025-12-08T10:51:43.649" >
      <step title="DeploymentManager.Deploy(id:1078821a-2e92-4bd9-b639-19a60a68547a)" date="2025-12-08T10:51:43.655" >
        <step title="Collecting changeset information" date="2025-12-08T10:51:43.706" /><!-- duration: 89ms -->
        <step title="Updating submodules" date="2025-12-08T10:51:43.800" /><!-- duration: 1130ms -->
        <step title="Determining deployment builder" date="2025-12-08T10:51:45.192" >
          <step title="Builder is OryxBuilder" date="2025-12-08T10:51:45.210" /><!-- duration: 3ms -->
        </step><!-- duration: 23ms -->
        <step title="PreDeployment: context.CleanOutputPath False" date="2025-12-08T10:51:45.274" >
          <step title="PreDeployment: context.OutputPath /home/site/wwwroot" date="2025-12-08T10:51:45.421" >
            <step title="Building" date="2025-12-08T10:51:45.595" >
              <step title="Executing external process" date="2025-12-08T10:51:45.876" type="process" path="bash" arguments="-c &quot;oryx build /tmp/zipdeploy/extracted -o /home/site/wwwroot --platform python --platform-version 3.11 -p virtualenv_name=antenv --log-file /tmp/build-debug.log  -i /tmp/8de3647c7965774 --compress-destination-dir | tee /tmp/oryx-build.log ; exit $PIPESTATUS &quot;" >
                <step title="Cpu: python(1634,27.300s)+ts(1635,0.180s)+build.sh(1633,0.000s)+build.sh(1632,0.000s)+build.sh(1551,0.050s)+oryx(1531,3.130s)+tee(1532,0.000s)+bash(1530,0.010s)=total(30.670s)" date="2025-12-08T10:53:09.816" /><!-- duration: 18ms -->
                <step title="bash: no io activity for 60s, prev-cpu=-1.000s, current-cpu=30.670s" date="2025-12-08T10:53:10.030" /><!-- duration: 26ms -->
              </step><!-- duration: 240509ms -->
              <step title="Using PythonDeploymentLogParser" date="2025-12-08T10:55:46.824" /><!-- duration: 10ms -->
              <step title="Triggering recycle (preview mode disabled)." date="2025-12-08T10:55:48.221" /><!-- duration: 5ms -->
              <step title="Modified file to trigger a restart of the app container." date="2025-12-08T10:55:48.275" /><!-- duration: 3ms -->
              <step title="Skip function trigger and logicapp sync because function is not enabled." date="2025-12-08T10:55:48.282" /><!-- duration: 17ms -->
            </step><!-- duration: 243534ms -->
          </step><!-- duration: 243711ms -->
          <step title="Cleaning up temp files" date="2025-12-08T10:55:49.134" /><!-- duration: 2576ms -->
          <step title="Cleaning up temp files" date="2025-12-08T10:55:51.725" /><!-- duration: 509ms -->
          <step title="Reloading status file with latest updates" date="2025-12-08T10:55:52.256" >
            <step title="WebHooksManager.PublishEventAsync: PostDeployment" date="2025-12-08T10:55:52.259" /><!-- duration: 44ms -->
          </step><!-- duration: 49ms -->
          <step title="Cleaning up temporary deployment - fetch deployment was successful" date="2025-12-08T10:55:52.309" /><!-- duration: 2ms -->
        </step><!-- duration: 247081ms -->
      </step><!-- duration: 248713ms -->
