<step title="Incoming Request" date="2025-12-08T10:31:22.868" instance="2b261b" url="/api/zipdeploy?isAsync=true" method="POST" type="request" pid="768,1,7" Accept="application/json" Host="app-prod-jukxrcncnvrqe.scm.azurewebsites.net" User-Agent="azsdk-go-zip-deploy/1.0.0 (go1.25.0 X:loopvar; darwin),azdev/1.22.0 (Go go1.25.0 X:loopvar; darwin/arm64)" Accept-Encoding="gzip" Authorization="Bea..." Content-Type="application/octet-stream" Content-Length="144106" x-ms-correlation-request-id="2a3fa1ab0993c58b812c1c0eb7854368" X-ARR-LOG-ID="2a3fa1ab-0993-c58b-812c-1c0eb7854368" CLIENT-IP="155.93.206.134:64783" X-SITE-DEPLOYMENT-ID="app-prod-jukxrcncnvrqe" WAS-DEFAULT-HOSTNAME="app-prod-jukxrcncnvrqe.scm.azurewebsites.net" X-Forwarded-Proto="https" X-AppService-Proto="https" X-Forwarded-TlsVersion="1.3" X-WAWS-Unencoded-URL="/api/zipdeploy?isAsync=true" X-Client-IP="155.93.206.134" X-Client-Port="64783" >
  <step title="ZipPushDeploy" date="2025-12-08T10:31:23.683" >
    <step title="ZipDeploy. Extract zip. Remote build." date="2025-12-08T10:31:23.702" /><!-- duration: 8ms -->
    <step title="None repository commit" date="2025-12-08T10:31:23.726" >
      <step title="Commit id: 732643b2-b3d9-4088-bf8a-db74e101a858" date="2025-12-08T10:31:23.730" Message="N/A" AuthorName="N/A" AuthorEmail="N/A" /><!-- duration: 6ms -->
    </step><!-- duration: 12ms -->
    <step title="Starting PushDeployAsync" date="2025-12-08T10:31:23.745" /><!-- duration: 3ms -->
    <step title="Writing artifact to /tmp/zipdeploy/2406fb5d-0e59-4541-bda4-f9d666e36b4f.zip" date="2025-12-08T10:31:23.781" >
      <step title="Writing multipart request body to /tmp/zipdeploy/2406fb5d-0e59-4541-bda4-f9d666e36b4f.zip" date="2025-12-08T10:31:23.795" /><!-- duration: 3ms -->
    </step><!-- duration: 80ms -->
    <step title="Start deployment in the background" date="2025-12-08T10:31:23.941" >
      <step title="Acquiring Deployment Lock" date="2025-12-08T10:31:24.006" /><!-- duration: 27ms -->
      <step title="Acquired Deployment Lock" date="2025-12-08T10:31:24.150" /><!-- duration: 9ms -->
    </step><!-- duration: 359ms -->
  </step><!-- duration: 638ms -->
  <step title="Outgoing response" date="2025-12-08T10:31:24.400" type="response" statusCode="202" statusText="Accepted" /><!-- duration: 21ms -->
</step><!-- duration: 1563ms -->
