<step title="Incoming Request" date="2025-12-08T10:51:39.929" instance="2b261b" url="/api/zipdeploy?isAsync=true" method="POST" type="request" pid="768,1,34" Accept="application/json" Host="app-prod-jukxrcncnvrqe.scm.azurewebsites.net" User-Agent="azsdk-go-zip-deploy/1.0.0 (go1.25.0 X:loopvar; darwin),azdev/1.22.0 (Go go1.25.0 X:loopvar; darwin/arm64)" Accept-Encoding="gzip" Authorization="Bea..." Content-Type="application/octet-stream" Content-Length="151416" x-ms-correlation-request-id="a64a99be5760787c871872990d6bee1d" X-ARR-LOG-ID="a64a99be-5760-787c-8718-72990d6bee1d" CLIENT-IP="155.93.206.134:52183" X-SITE-DEPLOYMENT-ID="app-prod-jukxrcncnvrqe" WAS-DEFAULT-HOSTNAME="app-prod-jukxrcncnvrqe.scm.azurewebsites.net" X-Forwarded-Proto="https" X-AppService-Proto="https" X-Forwarded-TlsVersion="1.3" X-WAWS-Unencoded-URL="/api/zipdeploy?isAsync=true" X-Client-IP="155.93.206.134" X-Client-Port="52183" >
  <step title="Cleanup Xml Logs" date="2025-12-08T10:51:39.931" /><!-- duration: 4ms -->
  <step title="ZipPushDeploy" date="2025-12-08T10:51:39.989" >
    <step title="ZipDeploy. Extract zip. Remote build." date="2025-12-08T10:51:39.995" /><!-- duration: 2ms -->
    <step title="Starting PushDeployAsync" date="2025-12-08T10:51:40.003" /><!-- duration: 2ms -->
    <step title="Writing artifact to /tmp/zipdeploy/561e5674-06bb-4e17-ab39-7c768df4758d.zip" date="2025-12-08T10:51:40.015" >
      <step title="Writing multipart request body to /tmp/zipdeploy/561e5674-06bb-4e17-ab39-7c768df4758d.zip" date="2025-12-08T10:51:40.018" /><!-- duration: 3ms -->
    </step><!-- duration: 81ms -->
    <step title="Removing previous build artifact&apos;s manifest file" date="2025-12-08T10:51:40.100" >
      <step title="Start deployment in the background" date="2025-12-08T10:51:40.109" >
        <step title="Acquiring Deployment Lock" date="2025-12-08T10:51:40.131" /><!-- duration: 2ms -->
        <step title="Acquired Deployment Lock" date="2025-12-08T10:51:40.156" /><!-- duration: 2ms -->
      </step><!-- duration: 114ms -->
    </step><!-- duration: 127ms -->
    <step title="Outgoing response" date="2025-12-08T10:51:40.230" type="response" statusCode="202" statusText="Accepted" /><!-- duration: 2ms -->
  </step><!-- duration: 246ms -->
