<step title="Incoming Request" date="2025-12-09T10:09:55.622" instance="48c30d" url="/api/zipdeploy?isAsync=true" method="POST" type="request" pid="770,1,26" Accept="application/json" Host="app-prod-jukxrcncnvrqe.scm.azurewebsites.net" User-Agent="azsdk-go-zip-deploy/1.0.0 (go1.25.0 X:loopvar; darwin),azdev/1.22.0 (Go go1.25.0 X:loopvar; darwin/arm64)" Accept-Encoding="gzip" Authorization="Bea..." Content-Type="application/octet-stream" Content-Length="152203" x-ms-correlation-request-id="1b39b8038d8efbe5b3e8f50c020fbc59" X-ARR-LOG-ID="1b39b803-8d8e-fbe5-b3e8-f50c020fbc59" CLIENT-IP="196.50.202.240:58706" X-SITE-DEPLOYMENT-ID="app-prod-jukxrcncnvrqe" WAS-DEFAULT-HOSTNAME="app-prod-jukxrcncnvrqe.scm.azurewebsites.net" X-Forwarded-Proto="https" X-AppService-Proto="https" X-Forwarded-TlsVersion="1.3" X-WAWS-Unencoded-URL="/api/zipdeploy?isAsync=true" X-Client-IP="196.50.202.240" X-Client-Port="58706" >
  <step title="Cleanup Xml Logs" date="2025-12-09T10:09:55.627" >
    <step title="Cleanup Infos" date="2025-12-09T10:09:55.636" totalFiles="261" totalCleanup="101" /><!-- duration: 7ms -->
  </step><!-- duration: 19ms -->
  <step title="ZipPushDeploy" date="2025-12-09T10:09:55.690" >
    <step title="ZipDeploy. Extract zip. Remote build." date="2025-12-09T10:09:55.697" /><!-- duration: 2ms -->
    <step title="Starting PushDeployAsync" date="2025-12-09T10:09:55.701" /><!-- duration: 2ms -->
    <step title="Writing artifact to /tmp/zipdeploy/e616c738-54d7-4a09-a39b-84706f400a52.zip" date="2025-12-09T10:09:55.712" >
      <step title="Writing multipart request body to /tmp/zipdeploy/e616c738-54d7-4a09-a39b-84706f400a52.zip" date="2025-12-09T10:09:55.714" /><!-- duration: 8ms -->
    </step><!-- duration: 29ms -->
    <step title="Removing previous build artifact&apos;s manifest file" date="2025-12-09T10:09:55.744" >
      <step title="Start deployment in the background" date="2025-12-09T10:09:55.749" >
        <step title="Acquiring Deployment Lock" date="2025-12-09T10:09:55.774" /><!-- duration: 8ms -->
        <step title="Acquired Deployment Lock" date="2025-12-09T10:09:55.806" /><!-- duration: 1ms -->
      </step><!-- duration: 104ms -->
    </step><!-- duration: 132ms -->
    <step title="Outgoing response" date="2025-12-09T10:09:55.879" type="response" statusCode="202" statusText="Accepted" /><!-- duration: 2ms -->
  </step><!-- duration: 192ms -->
