<step title="Incoming Request" date="2025-12-08T11:43:15.577" instance="2b261b" url="/api/zipdeploy?isAsync=true" method="POST" type="request" pid="768,1,26" Accept="application/json" Host="app-prod-jukxrcncnvrqe.scm.azurewebsites.net" User-Agent="azsdk-go-zip-deploy/1.0.0 (go1.25.0 X:loopvar; darwin),azdev/1.22.0 (Go go1.25.0 X:loopvar; darwin/arm64)" Accept-Encoding="gzip" Authorization="Bea..." Content-Type="application/octet-stream" Content-Length="151590" x-ms-correlation-request-id="e2971066dc3431d0c7ffc24143e31556" X-ARR-LOG-ID="e2971066-dc34-31d0-c7ff-c24143e31556" CLIENT-IP="155.93.206.134:61768" X-SITE-DEPLOYMENT-ID="app-prod-jukxrcncnvrqe" WAS-DEFAULT-HOSTNAME="app-prod-jukxrcncnvrqe.scm.azurewebsites.net" X-Forwarded-Proto="https" X-AppService-Proto="https" X-Forwarded-TlsVersion="1.3" X-WAWS-Unencoded-URL="/api/zipdeploy?isAsync=true" X-Client-IP="155.93.206.134" X-Client-Port="61768" >
  <step title="Cleanup Xml Logs" date="2025-12-08T11:43:15.636" /><!-- duration: 33ms -->
  <step title="ZipPushDeploy" date="2025-12-08T11:43:16.274" >
    <step title="ZipDeploy. Extract zip. Remote build." date="2025-12-08T11:43:16.306" /><!-- duration: 58ms -->
    <step title="None repository commit" date="2025-12-08T11:43:16.425" >
      <step title="Commit id: a857e3ac-e438-4276-aeb5-fd831d96052a" date="2025-12-08T11:43:16.435" Message="N/A" AuthorName="N/A" AuthorEmail="N/A" /><!-- duration: 10ms -->
    </step><!-- duration: 41ms -->
    <step title="Starting PushDeployAsync" date="2025-12-08T11:43:16.505" /><!-- duration: 18ms -->
    <step title="Writing artifact to /tmp/zipdeploy/3f3a2395-a4e5-4920-8b0f-33cb125bfc87.zip" date="2025-12-08T11:43:16.724" >
      <step title="Writing multipart request body to /tmp/zipdeploy/3f3a2395-a4e5-4920-8b0f-33cb125bfc87.zip" date="2025-12-08T11:43:16.755" /><!-- duration: 20ms -->
    </step><!-- duration: 651ms -->
    <step title="Removing previous build artifact&apos;s manifest file" date="2025-12-08T11:43:17.523" >
      <step title="Start deployment in the background" date="2025-12-08T11:43:17.602" >
        <step title="Acquiring Deployment Lock" date="2025-12-08T11:43:17.794" /><!-- duration: 42ms -->
        <step title="Acquired Deployment Lock" date="2025-12-08T11:43:18.162" /><!-- duration: 9ms -->
      </step><!-- duration: 1152ms -->
    </step><!-- duration: 1393ms -->
    <step title="Outgoing response" date="2025-12-08T11:43:19.145" type="response" statusCode="202" statusText="Accepted" /><!-- duration: 67ms -->
  </step><!-- duration: 3028ms -->
