<step title="Incoming Request" date="2025-12-09T09:06:35.730" instance="7c5d95" url="/api/zipdeploy?isAsync=true" method="POST" type="request" pid="768,1,7" Accept="application/json" Host="app-prod-jukxrcncnvrqe.scm.azurewebsites.net" User-Agent="azsdk-go-zip-deploy/1.0.0 (go1.25.0 X:loopvar; darwin),azdev/1.22.0 (Go go1.25.0 X:loopvar; darwin/arm64)" Accept-Encoding="gzip" Authorization="Bea..." Content-Type="application/octet-stream" Content-Length="152203" x-ms-correlation-request-id="33a7c579ed2fcf2fedf08853f43d7226" X-ARR-LOG-ID="33a7c579-ed2f-cf2f-edf0-8853f43d7226" CLIENT-IP="196.50.202.240:52502" X-SITE-DEPLOYMENT-ID="app-prod-jukxrcncnvrqe" WAS-DEFAULT-HOSTNAME="app-prod-jukxrcncnvrqe.scm.azurewebsites.net" X-Forwarded-Proto="https" X-AppService-Proto="https" X-Forwarded-TlsVersion="1.3" X-WAWS-Unencoded-URL="/api/zipdeploy?isAsync=true" X-Client-IP="196.50.202.240" X-Client-Port="52502" >
  <step title="ZipPushDeploy" date="2025-12-09T09:06:36.072" >
    <step title="ZipDeploy. Extract zip. Remote build." date="2025-12-09T09:06:36.079" /><!-- duration: 4ms -->
    <step title="None repository commit" date="2025-12-09T09:06:36.088" >
      <step title="Commit id: 7e8a18f4-328e-4ec8-b1af-fb1e29d9770d" date="2025-12-09T09:06:36.092" Message="N/A" AuthorName="N/A" AuthorEmail="N/A" /><!-- duration: 3ms -->
    </step><!-- duration: 9ms -->
    <step title="Starting PushDeployAsync" date="2025-12-09T09:06:36.100" /><!-- duration: 4ms -->
    <step title="Writing artifact to /tmp/zipdeploy/f4413e99-8fee-4bdb-9f2a-5690e984fe46.zip" date="2025-12-09T09:06:36.120" >
      <step title="Writing multipart request body to /tmp/zipdeploy/f4413e99-8fee-4bdb-9f2a-5690e984fe46.zip" date="2025-12-09T09:06:36.125" /><!-- duration: 3ms -->
    </step><!-- duration: 26ms -->
    <step title="Removing previous build artifact&apos;s manifest file" date="2025-12-09T09:06:36.158" >
      <step title="Start deployment in the background" date="2025-12-09T09:06:36.172" >
        <step title="Acquiring Deployment Lock" date="2025-12-09T09:06:36.225" /><!-- duration: 6ms -->
        <step title="Acquired Deployment Lock" date="2025-12-09T09:06:36.292" /><!-- duration: 3ms -->
      </step><!-- duration: 207ms -->
    </step><!-- duration: 232ms -->
    <step title="Outgoing response" date="2025-12-09T09:06:36.408" type="response" statusCode="202" statusText="Accepted" /><!-- duration: 22ms -->
  </step><!-- duration: 361ms -->
