<step title="BackgroundTrace" date="2025-12-08T11:47:26.760" instance="2b261b" url="/api/zipdeploy" method="POST" >
  <step title="Cleanup Xml Logs" date="2025-12-08T11:47:26.779" /><!-- duration: 112ms -->
  <step title="Creating temporary deployment - FetchDeploymentManager" date="2025-12-08T11:47:27.636" /><!-- duration: 21ms -->
  <step title="Creating temporary deployment" date="2025-12-08T11:47:27.746" /><!-- duration: 540ms -->
  <step title="Performing fetch based deployment" date="2025-12-08T11:47:28.633" >
    <step title="Cleaning up temp folders from previous zip deployments and extracting pushed zip file /tmp/zipdeploy/3d6f2300-9b51-4d6d-ab5e-a8c2c8ae33a8.zip (0.14 MB) to /tmp/zipdeploy/extracted" date="2025-12-08T11:47:30.431" >
      <step title="ChmodRecursive Process exited with total time taken in ms: 512" date="2025-12-08T11:47:31.513" /><!-- duration: 80ms -->
    </step><!-- duration: 1190ms -->
    <step title="Deployment timer started" date="2025-12-08T11:47:33.895" >
      <step title="DeploymentManager.Deploy(id:98b90872-a137-427d-85bd-f3d6f58e8c92)" date="2025-12-08T11:47:33.937" >
        <step title="Collecting changeset information" date="2025-12-08T11:47:34.065" /><!-- duration: 362ms -->
        <step title="Updating submodules" date="2025-12-08T11:47:34.467" /><!-- duration: 1316ms -->
        <step title="Determining deployment builder" date="2025-12-08T11:47:36.368" >
          <step title="Builder is OryxBuilder" date="2025-12-08T11:47:36.437" /><!-- duration: 20ms -->
        </step><!-- duration: 119ms -->
        <step title="PreDeployment: context.CleanOutputPath False" date="2025-12-08T11:47:36.647" >
          <step title="PreDeployment: context.OutputPath /home/site/wwwroot" date="2025-12-08T11:47:36.949" >
            <step title="Building" date="2025-12-08T11:47:37.149" >
              <step title="Executing external process" date="2025-12-08T11:47:37.790" type="process" path="bash" arguments="-c &quot;oryx build /tmp/zipdeploy/extracted -o /home/site/wwwroot --platform python --platform-version 3.11 -p virtualenv_name=antenv --log-file /tmp/build-debug.log  -i /tmp/8de364f951c7f84 --compress-destination-dir | tee /tmp/oryx-build.log ; exit $PIPESTATUS &quot;" >
                <step title="Cpu: python(961,38.870s)+ts(962,0.170s)+build.sh(960,0.000s)+build.sh(959,0.000s)+build.sh(859,0.060s)+oryx(840,5.670s)+tee(841,0.000s)+bash(839,0.000s)=total(44.770s)" date="2025-12-08T11:49:34.851" /><!-- duration: 17ms -->
                <step title="bash: no io activity for 60s, prev-cpu=-1.000s, current-cpu=44.770s" date="2025-12-08T11:49:34.885" /><!-- duration: 28ms -->
              </step><!-- duration: 182822ms -->
              <step title="Using PythonDeploymentLogParser" date="2025-12-08T11:50:41.006" /><!-- duration: 9ms -->
              <step title="Triggering recycle (preview mode disabled)." date="2025-12-08T11:50:42.102" /><!-- duration: 13ms -->
              <step title="Modified file to trigger a restart of the app container." date="2025-12-08T11:50:42.139" /><!-- duration: 2ms -->
              <step title="Skip function trigger and logicapp sync because function is not enabled." date="2025-12-08T11:50:42.160" /><!-- duration: 9ms -->
              <step title="Purge deployment items" date="2025-12-08T11:50:42.960" >
                <step title="Remove a857e3ac-, Failed, received at 12/08/2025 11:43:26" date="2025-12-08T11:50:43.015" /><!-- duration: 2ms -->
                <step title="Remove temp-f8b8, Failed, received at 12/08/2025 11:43:18" date="2025-12-08T11:50:43.071" /><!-- duration: 2ms -->
              </step><!-- duration: 116ms -->
            </step><!-- duration: 186002ms -->
          </step><!-- duration: 186207ms -->
          <step title="Cleaning up temp files" date="2025-12-08T11:50:43.157" /><!-- duration: 2643ms -->
          <step title="Cleaning up temp files" date="2025-12-08T11:50:45.841" /><!-- duration: 530ms -->
          <step title="Reloading status file with latest updates" date="2025-12-08T11:50:46.403" >
            <step title="WebHooksManager.PublishEventAsync: PostDeployment" date="2025-12-08T11:50:46.407" /><!-- duration: 84ms -->
          </step><!-- duration: 90ms -->
          <step title="Cleaning up temporary deployment - fetch deployment was successful" date="2025-12-08T11:50:46.499" /><!-- duration: 44ms -->
        </step><!-- duration: 189954ms -->
      </step><!-- duration: 192721ms -->
