<step title="Incoming Request" date="2025-12-09T10:11:15.729" instance="48c30d" url="/api/deployments/latest?deployer=Push-Deployer&amp;time=2025-12-09_10-09-55Z" method="GET" type="request" pid="770,1,30" Host="app-prod-jukxrcncnvrqe.scm.azurewebsites.net" User-Agent="azsdk-go-zip-deploy/1.0.0 (go1.25.0 X:loopvar; darwin),azdev/1.22.0 (Go go1.25.0 X:loopvar; darwin/arm64)" Accept-Encoding="gzip" Authorization="Bea..." x-ms-correlation-request-id="1b39b8038d8efbe5b3e8f50c020fbc59" X-ARR-LOG-ID="1b39b803-8d8e-fbe5-b3e8-f50c020fbc59" CLIENT-IP="196.50.202.240:58706" X-SITE-DEPLOYMENT-ID="app-prod-jukxrcncnvrqe" WAS-DEFAULT-HOSTNAME="app-prod-jukxrcncnvrqe.scm.azurewebsites.net" X-Forwarded-Proto="https" X-AppService-Proto="https" X-Forwarded-TlsVersion="1.3" X-WAWS-Unencoded-URL="/api/deployments/latest?deployer=Push-Deployer&amp;time=2025-12-09_10-09-55Z" X-Client-IP="196.50.202.240" X-Client-Port="58706" >
  <step title="Cleanup Xml Logs" date="2025-12-09T10:11:15.731" >
    <step title="Cleanup Infos" date="2025-12-09T10:11:15.750" totalFiles="270" totalCleanup="110" /><!-- duration: 30ms -->
  </step><!-- duration: 67ms -->
  <step title="DeploymentService.GetResult" date="2025-12-09T10:11:15.809" >
    <step title="DeploymentService.GetLatestDeployment" date="2025-12-09T10:11:15.810" >
      <step title="DeploymentManager.GetResults" date="2025-12-09T10:11:15.819" /><!-- duration: 736ms -->
    </step><!-- duration: 761ms -->
  </step><!-- duration: 774ms -->
  <step title="Outgoing response" date="2025-12-09T10:11:16.602" type="response" statusCode="202" statusText="Accepted" /><!-- duration: 11ms -->
</step><!-- duration: 893ms -->
