<step title="Incoming Request" date="2025-12-08T10:38:10.066" instance="2b261b" url="/api/zipdeploy?isAsync=true" method="POST" type="request" pid="768,1,25" Accept="application/json" Host="app-prod-jukxrcncnvrqe.scm.azurewebsites.net" User-Agent="azsdk-go-zip-deploy/1.0.0 (go1.25.0 X:loopvar; darwin),azdev/1.22.0 (Go go1.25.0 X:loopvar; darwin/arm64)" Accept-Encoding="gzip" Authorization="Bea..." Content-Type="application/octet-stream" Content-Length="151416" x-ms-correlation-request-id="a64a99be5760787c871872990d6bee1d" X-ARR-LOG-ID="a64a99be-5760-787c-8718-72990d6bee1d" CLIENT-IP="155.93.206.134:49578" X-SITE-DEPLOYMENT-ID="app-prod-jukxrcncnvrqe" WAS-DEFAULT-HOSTNAME="app-prod-jukxrcncnvrqe.scm.azurewebsites.net" X-Forwarded-Proto="https" X-AppService-Proto="https" X-Forwarded-TlsVersion="1.3" X-WAWS-Unencoded-URL="/api/zipdeploy?isAsync=true" X-Client-IP="155.93.206.134" X-Client-Port="49578" >
  <step title="Cleanup Xml Logs" date="2025-12-08T10:38:10.084" /><!-- duration: 42ms -->
  <step title="ZipPushDeploy" date="2025-12-08T10:38:10.153" >
    <step title="ZipDeploy. Extract zip. Remote build." date="2025-12-08T10:38:10.186" /><!-- duration: 10ms -->
    <step title="Starting PushDeployAsync" date="2025-12-08T10:38:10.220" /><!-- duration: 9ms -->
    <step title="Writing artifact to /tmp/zipdeploy/fa97ffc4-92ae-491b-bc98-257b5a8ddf99.zip" date="2025-12-08T10:38:10.281" >
      <step title="Writing multipart request body to /tmp/zipdeploy/fa97ffc4-92ae-491b-bc98-257b5a8ddf99.zip" date="2025-12-08T10:38:10.290" /><!-- duration: 40ms -->
    </step><!-- duration: 71ms -->
    <step title="Start deployment in the background" date="2025-12-08T10:38:10.364" >
      <step title="Acquiring Deployment Lock" date="2025-12-08T10:38:10.382" /><!-- duration: 2ms -->
      <step title="Acquired Deployment Lock" date="2025-12-08T10:38:10.404" /><!-- duration: 2ms -->
    </step><!-- duration: 124ms -->
  </step><!-- duration: 339ms -->
  <step title="Outgoing response" date="2025-12-08T10:38:10.494" type="response" statusCode="202" statusText="Accepted" /><!-- duration: 3ms -->
</step><!-- duration: 433ms -->
