﻿<?xml version="1.0" encoding="utf-8"?>
<deployment>
  <id>37c45e05-ea78-48a1-9801-60aa45f9d42a</id>
  <author>N/A</author>
  <deployer>Push-Deployer</deployer>
  <authorEmail>N/A</authorEmail>
  <message>Created via a push deployment</message>
  <progress>Running oryx build...</progress>
  <status>Building</status>
  <statusText>Building and Deploying '37c45e05-ea78-48a1-9801-60aa45f9d42a'.</statusText>
  <lastSuccessEndTime />
  <receivedTime>2025-12-09T10:59:24.9547019Z</receivedTime>
  <startTime>2025-12-09T10:59:26.5907496Z</startTime>
  <endTime />
  <complete>False</complete>
  <is_temp>False</is_temp>
  <is_readonly>True</is_readonly>
  <buildSummary />
</deployment>