﻿<?xml version="1.0" encoding="utf-8"?>
<deployment>
  <id>7e8a18f4-328e-4ec8-b1af-fb1e29d9770d</id>
  <author>N/A</author>
  <deployer>Push-Deployer</deployer>
  <authorEmail>N/A</authorEmail>
  <message>Created via a push deployment</message>
  <progress></progress>
  <status>Success</status>
  <statusText></statusText>
  <lastSuccessEndTime>2025-12-09T09:09:02.7015211Z</lastSuccessEndTime>
  <receivedTime>2025-12-09T09:06:39.92083Z</receivedTime>
  <startTime>2025-12-09T09:06:41.4395975Z</startTime>
  <endTime>2025-12-09T09:09:02.7015211Z</endTime>
  <complete>True</complete>
  <is_temp>False</is_temp>
  <is_readonly>True</is_readonly>
  <buildSummary />
</deployment>