﻿<?xml version="1.0" encoding="utf-8"?>
<deployment>
  <id>9544eb27-e1f9-4d28-8a1c-08e080c0d772</id>
  <author>N/A</author>
  <deployer>Push-Deployer</deployer>
  <authorEmail>N/A</authorEmail>
  <message>Created via a push deployment</message>
  <progress></progress>
  <status>Success</status>
  <statusText></statusText>
  <lastSuccessEndTime>2025-12-09T09:59:15.9759382Z</lastSuccessEndTime>
  <receivedTime>2025-12-09T09:55:29.5962156Z</receivedTime>
  <startTime>2025-12-09T09:55:31.0476376Z</startTime>
  <endTime>2025-12-09T09:59:15.9759382Z</endTime>
  <complete>True</complete>
  <is_temp>False</is_temp>
  <is_readonly>True</is_readonly>
  <buildSummary />
</deployment>