﻿<?xml version="1.0" encoding="utf-8"?>
<deployment>
  <id>deb41e7b-5379-4491-bd1c-5a6210ae35ec</id>
  <author>N/A</author>
  <deployer>Push-Deployer</deployer>
  <authorEmail>N/A</authorEmail>
  <message>Created via a push deployment</message>
  <progress></progress>
  <status>Success</status>
  <statusText></statusText>
  <lastSuccessEndTime>2025-12-09T10:12:49.7818632Z</lastSuccessEndTime>
  <receivedTime>2025-12-09T10:09:59.5180981Z</receivedTime>
  <startTime>2025-12-09T10:10:00.954952Z</startTime>
  <endTime>2025-12-09T10:12:49.7818632Z</endTime>
  <complete>True</complete>
  <is_temp>False</is_temp>
  <is_readonly>True</is_readonly>
  <buildSummary />
</deployment>