﻿<?xml version="1.0" encoding="utf-8"?>
<deployment>
  <id>64e1620f-31df-4868-a7a4-b31dcd7add4e</id>
  <author>N/A</author>
  <deployer>Push-Deployer</deployer>
  <authorEmail>N/A</authorEmail>
  <message>Created via a push deployment</message>
  <progress></progress>
  <status>Success</status>
  <statusText></statusText>
  <lastSuccessEndTime>2025-12-08T11:56:28.7211289Z</lastSuccessEndTime>
  <receivedTime>2025-12-08T11:53:53.0384216Z</receivedTime>
  <startTime>2025-12-08T11:53:54.3867665Z</startTime>
  <endTime>2025-12-08T11:56:28.7211289Z</endTime>
  <complete>True</complete>
  <is_temp>False</is_temp>
  <is_readonly>True</is_readonly>
  <buildSummary />
</deployment>