﻿<?xml version="1.0" encoding="utf-8"?>
<deployment>
  <id>2d585c03-6a16-43bc-bda0-edd1107dd766</id>
  <author>N/A</author>
  <deployer>Push-Deployer</deployer>
  <authorEmail>N/A</authorEmail>
  <message>Created via a push deployment</message>
  <progress></progress>
  <status>Success</status>
  <statusText></statusText>
  <lastSuccessEndTime>2025-12-08T12:09:47.0821284Z</lastSuccessEndTime>
  <receivedTime>2025-12-08T12:06:57.7637091Z</receivedTime>
  <startTime>2025-12-08T12:06:59.0863606Z</startTime>
  <endTime>2025-12-08T12:09:47.0821284Z</endTime>
  <complete>True</complete>
  <is_temp>False</is_temp>
  <is_readonly>True</is_readonly>
  <buildSummary />
</deployment>