﻿<?xml version="1.0" encoding="utf-8"?>
<deployment>
  <id>3b08a696-5815-4019-b4d9-6ef99fd30b1b</id>
  <author>N/A</author>
  <deployer>Push-Deployer</deployer>
  <authorEmail>N/A</authorEmail>
  <message>Created via a push deployment</message>
  <progress></progress>
  <status>Success</status>
  <statusText></statusText>
  <lastSuccessEndTime>2025-12-08T10:41:03.7331063Z</lastSuccessEndTime>
  <receivedTime>2025-12-08T10:38:13.9911971Z</receivedTime>
  <startTime>2025-12-08T10:38:15.3293044Z</startTime>
  <endTime>2025-12-08T10:41:03.7331063Z</endTime>
  <complete>True</complete>
  <is_temp>False</is_temp>
  <is_readonly>True</is_readonly>
  <buildSummary />
</deployment>